symbol,result_date,result_session,marked_high,observation_start,entry1_time,entry1_price,qty1,entry2_time,entry2_price,qty2,avg_price,sl_price,tp_price,exit_time,exit_price,exit_reason,pnl,pnl_pct,days_held
ANGELONE,2023-01-16,2023-01-16,132.9,2023-01-17,2023-01-17 09:15,132.5,377,2023-01-27 10:18,119.25,419,125.88,106.99,144.76,2023-02-23 09:29,106.99,SL,-14751.23,-14.763,37
ANGELONE,2023-04-17,2023-04-17,129.0,2023-04-18,2023-04-19 09:17,129.0,387,,0.0,0,129.0,109.65,148.35,2023-06-09 15:03,148.35,TP,7488.45,15.0,51
ANGELONE,2023-07-13,2023-07-13,180.0,2023-07-14,2023-07-14 09:15,174.5,286,2023-07-18 09:15,157.05,318,165.78,140.91,190.64,2023-09-01 09:15,190.64,TP,15298.41,15.322,49
ANGELONE,2023-10-12,2023-10-12,214.5,2023-10-13,2023-10-13 12:58,214.5,233,,0.0,0,214.5,182.32,246.67,2023-10-27 09:18,246.67,TP,7496.77,15.0,14
ANGELONE,2024-01-15,2024-01-15,389.5,2024-01-16,2024-01-16 09:15,350.0,142,2024-01-23 09:39,315.0,158,332.5,282.62,382.37,2024-02-29 10:08,282.62,SL,-14682.5,-14.761,44
ANGELONE,2024-04-17,2024-04-16,288.9,2024-04-18,2024-04-18 11:27,288.9,173,2024-05-07 12:22,260.01,192,274.45,233.29,315.62,2024-06-04 11:51,233.29,SL,-14751.96,-14.766,47
ANGELONE,2024-07-15,2024-07-15,229.4,2024-07-16,2024-07-16 09:15,229.4,217,2024-07-22 14:06,206.46,242,217.93,185.24,250.62,2024-08-20 10:39,250.62,TP,15291.23,15.331,35
ANGELONE,2024-10-14,2024-10-14,283.0,2024-10-15,2024-10-25 09:31,283.0,176,,0.0,0,283.0,240.55,325.45,2024-12-06 11:00,325.45,TP,7471.2,15.0,42
ANGELONE,2025-01-13,2025-01-13,255.55,2025-01-14,2025-01-14 09:15,237.0,210,2025-02-28 11:48,213.3,234,225.15,191.38,258.92,2025-05-15 09:20,258.92,TP,15279.39,15.328,121
ANGELONE,2025-04-16,2025-04-16,237.2,2025-04-17,2025-04-17 09:15,220.1,227,,0.0,0,220.1,187.08,253.11,2025-04-22 09:33,253.11,TP,7494.4,15.0,5
ANGELONE,2025-07-16,2025-07-16,273.2,2025-07-17,2025-07-17 09:15,273.2,183,2025-08-25 11:13,245.88,203,259.54,220.61,298.47,2025-08-29 09:36,220.61,SL,-14754.17,-14.768,43
ANGELONE,2025-10-15,2025-10-15,246.05,2025-10-16,2025-10-16 09:15,244.0,204,,0.0,0,244.0,207.4,280.6,2025-11-17 09:37,280.6,TP,7466.4,15.0,32
ANGELONE,2026-01-15,2026-01-14,253.2,2026-01-16,2026-01-21 10:49,253.2,197,2026-02-01 12:28,227.88,219,240.54,204.46,276.62,2026-02-10 09:42,276.62,TP,15288.22,15.321,20
ANGELONE,2026-04-16,2026-04-16,301.5,2026-04-17,2026-04-17 09:15,301.5,165,,0.0,0,301.5,256.27,346.72,2026-05-25 09:36,346.72,TP,7462.12,15.0,38
CGCL,2023-01-28,2023-01-27,762.8,2023-01-30,2023-01-30 09:07,752.85,66,2023-02-28 14:30,677.57,73,715.21,607.93,822.49,2023-03-21 09:15,583.05,SL,-18106.4,-18.262,50
CGCL,2023-05-22,2023-05-22,680.85,2023-05-23,2023-05-23 09:15,680.85,73,,0.0,0,680.85,578.72,782.98,2023-06-07 09:56,782.98,TP,7455.31,15.0,15
CGCL,2023-08-05,2023-08-04,795.95,2023-08-07,2023-08-07 09:15,790.1,63,,0.0,0,790.1,671.59,908.62,2024-01-08 14:38,908.62,TP,7466.44,15.0,154
CGCL,2023-10-31,2023-10-31,769.95,2023-11-01,2023-11-01 09:15,764.8,65,,0.0,0,764.8,650.08,879.52,2024-01-08 13:10,879.52,TP,7456.8,15.0,68
CGCL,2024-01-27,2024-01-25,990.0,2024-01-29,2024-01-29 09:15,980.0,51,2024-03-05 09:15,256.0,195,618.0,525.3,710.7,2024-03-05 09:15,256.0,SL,-36924.0,-36.961,36
CGCL,2024-05-08,2024-05-08,237.4,2024-05-09,2024-05-09 09:15,232.0,215,2024-05-28 11:37,208.8,239,220.4,187.34,253.46,2024-10-22 12:19,187.34,SL,-14730.84,-14.763,166
CGCL,2024-08-03,2024-08-02,220.9,2024-08-05,2024-08-05 09:15,209.4,238,2024-10-22 11:07,188.11,265,198.75,168.94,228.57,2025-01-29 09:15,168.0,SL,-15182.35,-15.23,177
CGCL,2024-10-29,2024-10-29,186.5,2024-10-30,2024-11-21 09:36,186.5,268,,0.0,0,186.5,158.53,214.47,2024-11-27 14:11,214.47,TP,7497.3,15.0,6
CGCL,2025-01-23,2025-01-23,184.2,2025-01-24,2025-01-27 11:03,184.2,271,2025-02-12 09:33,165.78,301,174.99,148.74,201.24,2025-03-26 15:20,201.24,TP,15290.44,15.318,58
CGCL,2025-05-05,2025-05-05,175.75,2025-05-06,2025-05-06 09:15,175.75,284,2025-05-09 09:22,158.18,316,166.96,141.92,192.01,2025-08-04 12:55,192.01,TP,15307.82,15.324,90
CGCL,2025-08-01,2025-08-01,190.35,2025-08-04,2025-08-04 09:15,176.96,282,,0.0,0,176.96,150.42,203.5,2025-10-24 09:15,203.5,TP,7485.41,15.0,81
CGCL,2025-10-29,2025-10-29,210.21,2025-10-30,2025-10-30 09:15,209.08,239,2025-11-25 14:57,188.17,265,198.63,168.83,228.42,2026-01-21 10:17,168.83,SL,-14744.32,-14.769,83
CGCL,2026-01-29,2026-01-29,180.4,2026-01-30,2026-01-30 09:15,176.81,282,2026-02-27 15:15,159.13,314,167.97,142.77,193.16,2026-05-04 14:13,193.16,TP,15299.37,15.326,94
CGCL,2026-04-30,2026-04-30,188.5,2026-05-04,2026-05-04 09:15,188.5,265,,0.0,0,188.5,160.22,216.77,2026-06-15 09:15,216.77,TP,7492.87,15.0,42
CRAFTSMAN,2023-01-23,2023-01-23,3449.0,2023-01-24,2023-01-24 09:15,3275.0,15,2023-03-17 15:05,2947.5,16,3111.25,2644.56,3577.94,2023-05-18 10:21,3577.94,TP,14631.06,15.196,114
CRAFTSMAN,2023-05-08,2023-05-08,3407.0,2023-05-09,2023-05-09 09:15,3231.95,15,,0.0,0,3231.95,2747.16,3716.74,2023-05-31 15:14,3716.74,TP,7271.89,15.0,22
CRAFTSMAN,2023-07-24,2023-07-24,4953.5,2023-07-25,2023-07-25 09:15,4815.0,10,2023-10-26 09:27,4333.5,11,4574.25,3888.11,5260.39,2023-11-20 11:46,5260.39,TP,14649.64,15.289,118
CRAFTSMAN,2023-10-30,2023-10-30,5037.75,2023-10-31,2023-10-31 09:15,4890.0,10,2024-01-31 10:27,4401.0,11,4645.5,3948.67,5342.32,2024-03-13 09:50,3948.67,SL,-14388.83,-14.786,134
CRAFTSMAN,2024-01-27,2024-01-25,4800.0,2024-01-29,2024-01-29 09:15,4749.0,10,2024-02-02 14:44,4274.1,11,4511.55,3834.82,5188.28,2024-03-13 14:34,3834.82,SL,-13973.93,-14.786,44
CRAFTSMAN,2024-04-27,2024-04-26,4720.25,2024-04-29,2024-04-29 09:15,4484.6,11,,0.0,0,4484.6,3811.91,5157.29,2024-06-25 09:36,5157.29,TP,7399.59,15.0,57
CRAFTSMAN,2024-07-24,2024-07-24,5355.0,2024-07-25,2024-07-25 09:15,5100.0,9,,0.0,0,5100.0,4335.0,5865.0,2024-08-23 15:20,5865.0,TP,6885.0,15.0,29
CRAFTSMAN,2024-10-23,2024-10-23,5675.2,2024-10-24,2024-10-24 09:15,5534.0,9,2024-10-28 09:46,4980.6,10,5257.3,4468.7,6045.89,2025-01-28 09:26,4468.7,SL,-14706.61,-14.764,96
CRAFTSMAN,2025-01-29,2025-01-29,4465.1,2025-01-30,2025-01-30 09:15,4250.0,11,,0.0,0,4250.0,3612.5,4887.5,2025-03-05 15:00,4887.5,TP,7012.5,15.0,34
CRAFTSMAN,2025-05-07,2025-05-07,4799.5,2025-05-08,2025-05-08 09:15,4681.3,10,,0.0,0,4681.3,3979.11,5383.49,2025-05-14 09:53,5383.49,TP,7021.95,15.0,6
CRAFTSMAN,2025-07-29,2025-07-29,6500.0,2025-07-30,2025-07-30 09:15,6494.0,7,,0.0,0,6494.0,5519.9,7468.1,2025-12-29 09:15,7537.0,TP,7301.0,16.061,152
CRAFTSMAN,2025-11-08,2025-11-07,6800.0,2025-11-10,2025-11-10 09:15,6800.0,7,,0.0,0,6800.0,5780.0,7820.0,2025-12-31 14:36,7820.0,TP,7140.0,15.0,51
CRAFTSMAN,2026-01-28,2026-01-28,7930.0,2026-01-29,2026-01-29 09:15,7780.0,6,2026-03-13 09:43,7002.0,7,7391.0,6282.35,8499.65,2026-05-07 12:30,8499.65,TP,14801.45,15.467,98
CRAFTSMAN,2026-05-07,2026-05-07,8780.0,2026-05-08,2026-05-08 09:15,8657.5,5,,0.0,0,8657.5,7358.88,9956.12,2026-06-25 15:29,9252.0,OPEN,2972.5,6.867,48
EMMVEE,2025-12-01,2025-12-01,222.4,2025-12-02,2025-12-04 14:46,222.4,224,2025-12-08 09:35,200.16,249,211.28,179.59,242.97,2025-12-17 10:26,179.59,SL,-14712.32,-14.763,13
EMMVEE,2026-04-28,2026-04-28,276.59,2026-04-29,2026-04-30 09:29,276.59,180,2026-05-18 12:18,248.93,200,262.76,223.35,302.17,2026-05-26 09:27,302.17,TP,15253.94,15.319,26
HFCL,2023-01-23,2023-01-23,72.5,2023-01-24,2023-01-24 09:15,72.3,691,2023-02-22 13:40,65.07,768,68.69,58.38,78.99,2023-03-27 10:54,58.38,SL,-14753.36,-14.763,62
HFCL,2023-05-08,2023-05-08,67.7,2023-05-09,2023-05-09 09:15,66.0,757,,0.0,0,66.0,56.1,75.9,2023-08-31 14:11,75.9,TP,7494.3,15.0,114
HFCL,2023-07-26,2023-07-26,66.1,2023-07-27,2023-07-27 09:15,65.1,768,,0.0,0,65.1,55.33,74.86,2023-08-07 14:27,74.86,TP,7499.52,15.0,11
HFCL,2023-10-19,2023-10-19,74.25,2023-10-20,2023-10-20 09:15,70.6,708,2023-10-25 12:43,63.54,786,67.07,57.01,77.13,2023-12-18 09:34,77.13,TP,15305.73,15.317,59
HFCL,2024-02-01,2024-02-01,105.2,2024-02-02,2024-02-02 09:15,99.65,501,,0.0,0,99.65,84.7,114.6,2024-02-21 11:41,114.6,TP,7488.7,15.0,19
HFCL,2024-05-03,2024-05-03,106.35,2024-05-06,2024-05-06 09:15,101.25,493,2024-05-10 09:38,91.12,548,96.19,81.76,110.62,2024-06-12 14:02,110.62,TP,15298.12,15.321,37
HFCL,2024-07-24,2024-07-24,120.7,2024-07-25,2024-07-25 09:15,119.0,420,,0.0,0,119.0,101.15,136.85,2024-07-31 09:15,136.85,TP,7497.0,15.0,6
HFCL,2024-10-21,2024-10-21,132.84,2024-10-22,2024-10-22 09:15,121.4,411,2025-01-06 11:47,109.26,457,115.33,98.03,132.63,2025-01-13 11:20,98.03,SL,-14736.75,-14.762,83
HFCL,2025-02-03,2025-02-03,105.0,2025-02-04,2025-02-04 09:15,99.9,500,2025-02-12 09:41,89.91,556,94.91,80.67,109.14,2025-02-28 09:18,80.67,SL,-14753.23,-14.762,24
HFCL,2025-05-22,2025-05-22,85.49,2025-05-23,2025-05-23 09:15,80.0,625,,0.0,0,80.0,68.0,92.0,2025-06-06 13:05,92.0,TP,7500.0,15.0,14
HFCL,2025-07-25,2025-07-25,79.78,2025-07-28,2025-07-28 09:15,75.91,658,2025-12-05 09:34,68.32,731,72.11,61.3,82.93,2025-12-26 15:06,61.3,SL,-14747.98,-14.764,151
HFCL,2025-10-17,2025-10-17,78.95,2025-10-20,2025-10-20 09:15,75.45,662,2025-12-05 09:40,67.91,736,71.68,60.93,82.43,2025-12-26 15:17,60.93,SL,-14751.61,-14.763,67
HFCL,2026-02-03,2026-02-03,70.14,2026-02-04,2026-02-04 09:15,68.19,733,,0.0,0,68.19,57.96,78.42,2026-04-09 09:38,78.42,TP,7497.49,15.0,64
HFCL,2026-04-30,2026-04-30,119.5,2026-05-04,2026-05-04 09:37,119.5,418,,0.0,0,119.5,101.58,137.42,2026-05-06 12:14,137.42,TP,7492.65,15.0,2
IIFL,2023-01-30,2023-01-30,473.95,2023-01-31,2023-01-31 09:15,473.9,105,2023-02-22 14:08,426.51,117,450.2,382.67,517.74,2023-06-16 09:56,517.74,TP,15276.17,15.328,136
IIFL,2023-04-26,2023-04-26,475.75,2023-04-27,2023-04-27 09:15,475.0,105,,0.0,0,475.0,403.75,546.25,2023-07-11 09:15,546.25,TP,7481.25,15.0,75
IIFL,2023-07-27,2023-07-27,591.8,2023-07-28,2023-07-28 09:15,582.0,85,,0.0,0,582.0,494.7,669.3,2023-10-16 10:47,669.3,TP,7420.5,15.0,80
IIFL,2023-10-18,2023-10-18,684.8,2023-10-19,2023-10-19 09:15,667.75,74,2023-10-26 09:32,600.98,83,634.36,539.21,729.52,2024-03-05 09:15,477.75,SL,-24287.68,-24.46,138
IIFL,2024-01-17,2024-01-17,662.8,2024-01-18,2024-01-18 09:15,644.05,77,2024-02-12 09:16,578.0,86,611.02,519.37,702.68,2024-03-05 09:15,477.75,SL,-21426.6,-21.578,47
IIFL,2024-06-15,2024-06-14,481.95,2024-06-18,2024-06-18 09:15,468.0,106,2024-07-23 12:32,421.2,118,444.6,377.91,511.29,2024-09-13 14:58,511.29,TP,15219.36,15.325,87
IIFL,2024-08-06,2024-08-06,436.75,2024-08-07,2024-08-07 09:15,424.0,117,,0.0,0,424.0,360.4,487.6,2024-09-06 09:19,487.6,TP,7441.2,15.0,30
IIFL,2024-10-23,2024-10-23,425.6,2024-10-24,2024-10-24 09:15,406.6,122,,0.0,0,406.6,345.61,467.59,2024-11-06 10:22,467.59,TP,7440.78,15.0,13
IIFL,2025-02-12,2025-02-12,346.75,2025-02-13,2025-02-13 09:15,330.1,151,2025-03-03 09:29,297.09,168,313.6,266.56,360.63,2025-04-22 10:57,360.63,TP,15286.11,15.323,68
IIFL,2025-05-08,2025-05-08,379.1,2025-05-09,2025-05-09 09:15,346.2,144,,0.0,0,346.2,294.27,398.13,2025-05-13 09:15,398.13,TP,7477.92,15.0,4
IIFL,2025-07-30,2025-07-30,521.5,2025-07-31,2025-07-31 09:15,490.0,102,2025-08-01 14:26,441.0,113,465.5,395.68,535.32,2025-10-30 09:19,535.32,TP,15281.87,15.311,91
IIFL,2025-10-30,2025-10-30,549.3,2025-10-31,2025-10-31 09:15,540.0,92,,0.0,0,540.0,459.0,621.0,2026-01-01 12:01,621.0,TP,7452.0,15.0,62
IIFL,2026-01-22,2026-01-22,637.0,2026-01-23,2026-01-23 09:15,550.0,90,2026-02-01 12:29,495.0,101,522.5,444.12,600.88,2026-03-23 10:39,444.12,SL,-14667.12,-14.742,59
IIFL,2026-04-29,2026-04-29,453.3,2026-04-30,2026-04-30 09:19,453.3,110,,0.0,0,453.3,385.31,521.29,2026-06-04 10:07,521.29,TP,7479.45,15.0,35
MINDACORP,2023-02-08,2023-02-08,214.0,2023-02-09,2023-02-09 09:15,210.95,237,2023-03-28 15:23,189.85,263,200.4,170.34,230.46,2023-04-03 12:22,230.5,TP,15322.99,15.334,53
MINDACORP,2023-05-19,2023-05-19,284.0,2023-05-22,2023-05-22 09:15,281.35,177,,0.0,0,281.35,239.15,323.55,2023-08-24 09:39,323.55,TP,7469.84,15.0,94
MINDACORP,2023-08-03,2023-08-03,300.65,2023-08-04,2023-08-04 09:15,289.0,173,,0.0,0,289.0,245.65,332.35,2023-08-31 11:16,332.7,TP,7560.1,15.121,27
MINDACORP,2023-11-02,2023-11-02,341.9,2023-11-03,2023-11-03 09:15,341.6,146,,0.0,0,341.6,290.36,392.84,2023-12-19 10:49,392.84,TP,7481.04,15.0,46
MINDACORP,2024-02-01,2024-02-01,416.65,2024-02-02,2024-02-02 09:15,406.75,122,,0.0,0,406.75,345.74,467.76,2024-06-06 14:39,467.76,TP,7443.52,15.0,125
MINDACORP,2024-05-22,2024-05-22,430.65,2024-05-23,2024-05-23 09:15,425.05,117,,0.0,0,425.05,361.29,488.81,2024-06-24 11:44,488.81,TP,7459.63,15.0,32
MINDACORP,2024-08-08,2024-08-08,536.0,2024-08-09,2024-08-09 09:15,525.0,95,,0.0,0,525.0,446.25,603.75,2024-08-23 13:59,603.75,TP,7481.25,15.0,14
MINDACORP,2024-11-12,2024-11-12,507.65,2024-11-13,2024-11-13 09:15,501.0,99,,0.0,0,501.0,425.85,576.15,2025-01-15 14:20,576.15,TP,7439.85,15.0,63
MINDACORP,2025-02-06,2025-02-06,583.0,2025-02-07,2025-02-07 09:15,581.0,86,2025-02-12 09:28,522.9,95,551.95,469.16,634.74,2025-03-03 09:27,469.16,SL,-14723.99,-14.777,24
MINDACORP,2025-05-27,2025-05-27,556.85,2025-05-28,2025-05-28 09:15,553.0,90,2025-07-31 09:15,497.7,100,525.35,446.55,604.15,2025-08-11 11:51,446.55,SL,-14695.97,-14.764,75
MINDACORP,2025-08-12,2025-08-12,478.3,2025-08-13,2025-08-13 09:15,478.3,104,,0.0,0,478.3,406.56,550.04,2025-09-19 15:07,550.04,TP,7461.48,15.0,37
MINDACORP,2025-11-06,2025-11-06,596.75,2025-11-07,2025-11-07 09:15,582.0,85,2026-01-21 10:24,523.8,95,552.9,469.97,635.84,2026-03-12 09:27,469.97,SL,-14637.3,-14.751,125
MINDACORP,2026-02-05,2026-02-05,607.5,2026-02-06,2026-02-06 09:15,595.3,83,2026-03-02 09:15,525.2,95,560.25,476.21,644.29,2026-03-12 09:22,476.15,SL,-14549.2,-14.651,34
MINDACORP,2026-05-22,2026-05-22,590.0,2026-05-25,2026-05-25 09:15,585.0,85,,0.0,0,585.0,497.25,672.75,2026-06-15 10:34,672.75,TP,7458.75,15.0,21
NAVINFLUOR,2023-02-07,2023-02-07,4310.0,2023-02-08,2023-02-08 09:15,4310.0,11,2023-09-29 09:30,3837.1,13,4073.55,3462.52,4684.58,2023-10-25 12:54,3462.52,SL,-14191.88,-14.587,259
NAVINFLUOR,2023-05-13,2023-05-12,4773.85,2023-05-15,2023-05-15 09:21,4773.85,10,2023-07-11 13:59,4296.47,11,4535.16,3854.88,5215.43,2023-09-29 09:30,3837.1,SL,-14420.52,-15.18,137
NAVINFLUOR,2023-07-31,2023-07-31,4348.9,2023-08-01,2023-08-01 09:15,4225.1,11,2023-09-29 09:31,3802.59,13,4013.85,3411.77,4615.92,2023-10-26 10:50,3411.0,SL,-14045.77,-14.645,86
NAVINFLUOR,2023-10-31,2023-10-31,3489.3,2023-11-01,2023-11-01 09:15,3384.65,14,,0.0,0,3384.65,2876.95,3892.35,2023-12-15 09:17,3892.35,TP,7107.76,15.0,44
NAVINFLUOR,2024-02-06,2024-02-06,3295.0,2024-02-07,2024-02-07 09:15,3220.05,15,2024-06-04 12:26,2898.05,17,3059.05,2600.19,3517.9,2024-06-11 09:51,3517.9,TP,15005.43,15.38,125
NAVINFLUOR,2024-05-07,2024-05-07,3466.4,2024-05-08,2024-05-08 09:15,3377.1,14,2024-06-04 12:06,3039.39,16,3208.24,2727.01,3689.48,2024-06-20 09:18,3689.48,TP,14774.81,15.405,43
NAVINFLUOR,2024-07-30,2024-07-30,3799.0,2024-07-31,2024-07-31 09:15,3759.95,13,2024-08-13 09:31,3383.95,14,3571.95,3036.16,4107.75,2025-01-31 09:15,4195.35,TP,17019.73,17.682,184
NAVINFLUOR,2024-10-23,2024-10-23,3387.95,2024-10-24,2024-10-24 09:15,3368.0,14,,0.0,0,3368.0,2862.8,3873.2,2025-01-09 09:32,3873.2,TP,7072.8,15.0,77
NAVINFLUOR,2025-01-30,2025-01-30,3930.0,2025-01-31,2025-02-24 13:45,3930.0,12,,0.0,0,3930.0,3340.5,4519.5,2025-04-25 09:20,4519.5,TP,7074.0,15.0,60
NAVINFLUOR,2025-05-09,2025-05-09,4670.0,2025-05-12,2025-05-12 09:34,4670.0,10,2025-05-19 09:36,4203.0,11,4436.5,3771.03,5101.97,2025-07-09 10:23,5101.97,TP,14208.47,15.289,58
NAVINFLUOR,2025-07-30,2025-07-30,5245.0,2025-07-31,2025-07-31 09:15,5042.0,9,2025-09-29 10:18,4537.8,11,4789.9,4071.41,5508.38,2025-10-31 09:15,5525.0,TP,15206.2,15.957,92
NAVINFLUOR,2025-10-30,2025-10-30,5014.0,2025-10-31,,0.0,0,,0.0,0,0.0,0.0,0.0,,0.0,NO_ENTRY,0.0,0.0,0
NAVINFLUOR,2026-02-09,2026-02-09,6634.5,2026-02-10,2026-02-10 09:46,6634.5,7,2026-03-02 09:15,5960.0,8,6297.25,5352.66,7241.84,2026-05-25 09:15,7241.84,TP,14506.06,15.412,104
NAVINFLUOR,2026-04-29,2026-04-29,6816.0,2026-04-30,2026-04-30 09:52,6816.0,7,,0.0,0,6816.0,5793.6,7838.4,2026-06-25 15:29,7621.0,OPEN,5635.0,11.81,56
NEULANDLAB,2023-02-13,2023-02-13,1454.55,2023-02-14,,0.0,0,,0.0,0,0.0,0.0,0.0,,0.0,NO_ENTRY,0.0,0.0,0
NEULANDLAB,2023-05-11,2023-05-11,2538.3,2023-05-12,2023-05-12 09:27,2538.3,19,,0.0,0,2538.3,2157.56,2919.05,2023-05-15 11:07,2919.05,TP,7234.15,15.0,3
NEULANDLAB,2023-08-03,2023-08-03,3698.8,2023-08-04,2023-08-04 09:15,3534.0,14,,0.0,0,3534.0,3003.9,4064.1,2023-08-11 09:20,4064.1,TP,7421.4,15.0,7
NEULANDLAB,2023-11-07,2023-11-07,4751.8,2023-11-08,2023-11-08 09:23,4751.8,10,,0.0,0,4751.8,4039.03,5464.57,2023-11-20 09:17,5464.57,TP,7127.7,15.0,12
NEULANDLAB,2024-02-08,2024-02-08,6674.25,2024-02-09,2024-02-09 09:15,6630.0,7,2024-03-11 11:06,5967.0,8,6298.5,5353.72,7243.27,2024-04-16 09:15,7243.27,TP,14503.12,15.405,67
NEULANDLAB,2024-05-10,2024-05-10,7300.0,2024-05-13,2024-05-13 09:15,6642.0,7,2024-05-30 09:49,5974.9,8,6308.45,5362.18,7254.72,2024-06-25 14:38,7254.72,TP,14527.56,15.407,43
NEULANDLAB,2024-08-01,2024-08-01,9700.0,2024-08-02,2024-08-02 09:15,9388.0,5,,0.0,0,9388.0,7979.8,10796.2,2024-08-02 13:43,10796.2,TP,7041.0,15.0,0
NEULANDLAB,2024-11-06,2024-11-06,16310.45,2024-11-07,2024-11-07 09:15,14165.25,3,,0.0,0,14165.25,12040.46,16290.04,2024-11-12 10:25,16290.04,TP,6374.36,15.0,5
NEULANDLAB,2025-02-10,2025-02-10,14899.7,2025-02-11,2025-02-11 09:15,13900.0,3,2025-02-14 09:20,12510.0,3,13205.0,11224.25,15185.75,2025-02-18 10:27,11224.25,SL,-11884.5,-15.0,7
NEULANDLAB,2025-05-15,2025-05-15,12674.0,2025-05-16,2025-05-16 09:15,11050.0,4,,0.0,0,11050.0,9392.5,12707.5,2025-06-06 10:00,12707.5,TP,6630.0,15.0,21
NEULANDLAB,2025-07-31,2025-07-31,14130.0,2025-08-01,2025-08-01 09:15,12761.0,3,,0.0,0,12761.0,10846.85,14675.15,2025-09-04 14:46,14675.15,TP,5742.45,15.0,34
NEULANDLAB,2025-11-07,2025-11-07,18100.0,2025-11-10,2025-11-10 10:11,18100.0,2,2025-11-24 09:15,16290.0,3,17195.0,14615.75,19774.25,2026-01-06 10:29,14615.75,SL,-11991.25,-14.096,57
NEULANDLAB,2026-02-09,2026-02-09,14170.0,2026-02-10,2026-02-10 09:15,13000.0,3,2026-03-23 09:18,11700.0,4,12350.0,10497.5,14202.5,2026-04-09 09:17,14202.5,TP,13617.5,15.871,58
NEULANDLAB,2026-05-12,2026-05-12,17753.0,2026-05-13,2026-05-13 09:15,17753.0,2,2026-05-15 10:32,15977.7,3,16865.35,14335.55,19395.15,2026-06-25 15:29,17968.0,OPEN,6400.9,7.671,43
NSLNISP,2023-05-23,2023-05-23,38.9,2023-05-24,2023-05-24 09:15,38.05,1314,,0.0,0,38.05,32.34,43.76,2023-05-31 15:06,43.76,TP,7499.65,15.0,7
NSLNISP,2023-08-11,2023-08-11,47.75,2023-08-14,2023-08-14 09:15,46.7,1070,,0.0,0,46.7,39.7,53.7,2023-08-23 09:22,53.7,TP,7495.35,15.0,9
NSLNISP,2023-11-14,2023-11-13,42.9,2023-11-15,2023-11-15 09:15,42.6,1173,,0.0,0,42.6,36.21,48.99,2023-12-14 10:27,48.99,TP,7495.47,15.0,29
NSLNISP,2024-02-14,2024-02-14,60.6,2024-02-15,2024-02-15 09:15,59.0,847,,0.0,0,59.0,50.15,67.85,2024-02-15 10:52,67.85,TP,7495.95,15.0,0
NSLNISP,2024-05-27,2024-05-27,66.15,2024-05-28,2024-05-28 09:15,62.95,794,2024-06-04 11:08,56.66,882,59.8,50.83,68.77,2024-09-19 10:24,50.83,SL,-14757.37,-14.764,114
NSLNISP,2024-08-13,2024-08-13,55.37,2024-08-14,2024-08-14 09:15,55.1,907,2024-10-18 09:16,49.58,1008,52.34,44.49,60.19,2024-10-23 09:26,44.49,SL,-14755.9,-14.763,70
NSLNISP,2024-11-12,2024-11-12,47.65,2024-11-13,2024-11-13 09:15,44.01,1136,2025-01-13 13:12,39.61,1262,41.81,35.54,48.08,2025-02-17 09:15,35.35,SL,-15212.62,-15.215,96
NSLNISP,2025-02-06,2025-02-06,41.48,2025-02-07,2025-02-07 09:15,40.1,1246,2025-02-17 09:15,35.35,1414,37.73,32.07,43.38,2025-06-11 10:38,43.38,TP,15451.27,15.459,124
NSLNISP,2025-05-27,2025-05-27,39.61,2025-05-28,2025-05-28 09:15,39.5,1265,2025-08-07 13:11,35.55,1406,37.53,31.9,43.15,2025-08-14 09:15,44.25,TP,18240.95,18.25,78
NSLNISP,2025-08-12,2025-08-12,36.93,2025-08-13,2026-03-09 09:19,36.93,1353,2026-03-30 14:34,33.24,1504,35.08,29.82,40.35,2026-04-07 09:33,40.35,TP,15313.86,15.321,29
NSLNISP,2025-10-29,2025-10-29,49.65,2025-10-30,2025-10-30 09:15,44.62,1120,2025-12-08 11:25,40.16,1245,42.39,36.03,48.75,2026-03-16 09:25,36.03,SL,-14758.62,-14.763,137
NSLNISP,2026-02-03,2026-02-03,43.53,2026-02-04,2026-02-04 09:15,41.33,1209,2026-03-09 09:17,37.2,1344,39.26,33.37,45.15,2026-03-30 11:12,33.37,SL,-14756.98,-14.763,54
NSLNISP,2026-05-29,2026-05-29,46.57,2026-06-01,2026-06-11 09:16,46.57,1073,,0.0,0,46.57,39.58,53.56,2026-06-25 15:29,43.7,OPEN,-3079.51,-6.163,14
POONAWALLA,2023-01-23,2023-01-23,296.0,2023-01-24,2023-01-27 09:48,295.7,169,,0.0,0,295.7,251.34,340.05,2023-05-18 10:13,340.05,TP,7495.99,15.0,111
POONAWALLA,2023-04-26,2023-04-26,321.8,2023-04-27,2023-04-27 09:15,310.1,161,,0.0,0,310.1,263.59,356.62,2023-06-08 11:15,356.62,TP,7488.91,15.0,42
POONAWALLA,2023-07-24,2023-07-24,384.95,2023-07-25,2023-07-25 09:15,375.0,133,,0.0,0,375.0,318.75,431.25,2023-08-07 09:21,431.25,TP,7481.25,15.0,13
POONAWALLA,2023-10-20,2023-10-20,382.0,2023-10-23,2023-10-23 09:20,381.7,130,2023-10-26 11:01,343.53,145,362.62,308.22,417.01,2023-12-04 13:46,417.01,TP,15244.14,15.331,42
POONAWALLA,2024-01-18,2024-01-18,496.0,2024-01-19,2024-01-19 11:40,496.0,100,2024-03-06 10:07,446.4,112,471.2,400.52,541.88,2024-06-04 12:28,400.52,SL,-14686.56,-14.746,137
POONAWALLA,2024-04-29,2024-04-29,495.05,2024-04-30,2024-04-30 09:42,495.05,100,2024-05-28 09:35,445.55,112,470.3,399.75,540.84,2024-06-04 12:28,399.75,SL,-14658.43,-14.746,35
POONAWALLA,2024-07-20,2024-07-19,415.0,2024-07-22,2024-07-22 09:15,408.95,122,2024-07-25 12:22,368.06,135,388.5,330.23,446.78,2024-10-25 14:10,330.23,SL,-14710.95,-14.773,95
POONAWALLA,2024-10-25,2024-10-25,360.2,2024-10-28,2024-10-28 09:15,290.0,172,,0.0,0,290.0,246.5,333.5,2024-10-29 12:03,333.5,TP,7482.0,15.0,1
POONAWALLA,2025-01-31,2025-01-31,313.75,2025-02-01,2025-02-01 09:15,303.0,165,2025-02-28 12:18,272.7,183,287.85,244.67,331.03,2025-03-21 09:18,331.03,TP,15298.47,15.314,48
POONAWALLA,2025-04-25,2025-04-25,398.9,2025-04-28,2025-04-28 09:15,369.0,135,,0.0,0,369.0,313.65,424.35,2025-06-09 09:15,426.9,TP,7816.5,15.691,42
POONAWALLA,2025-07-25,2025-07-25,431.0,2025-07-28,2025-07-28 09:15,421.65,118,,0.0,0,421.65,358.4,484.9,2025-09-18 09:29,484.9,TP,7463.2,15.0,52
POONAWALLA,2025-10-17,2025-10-17,539.4,2025-10-20,2025-10-20 09:15,530.0,94,2025-11-03 11:41,477.0,104,503.5,427.97,579.02,2026-01-23 10:23,427.97,SL,-14688.95,-14.773,95
POONAWALLA,2026-01-16,2026-01-16,482.0,2026-01-19,2026-01-19 09:15,476.5,104,2026-01-23 10:18,428.85,116,452.68,384.77,520.58,2026-02-01 12:29,384.77,SL,-14652.38,-14.755,13
POONAWALLA,2026-05-05,2026-05-05,442.55,2026-05-06,2026-05-06 12:23,442.55,112,2026-05-20 09:15,398.3,125,420.42,357.36,483.49,2026-06-25 15:29,439.5,OPEN,4809.02,4.84,50
RAILTEL,2023-01-31,2023-01-31,126.3,2023-02-01,2023-02-01 09:15,121.0,413,2023-02-03 10:41,108.9,459,114.95,97.71,132.19,2023-03-27 09:23,97.71,SL,-14757.16,-14.763,54
RAILTEL,2023-05-17,2023-05-17,121.95,2023-05-18,2023-05-18 09:17,121.95,410,,0.0,0,121.95,103.66,140.24,2023-07-12 11:12,140.24,TP,7499.92,15.0,55
RAILTEL,2023-07-27,2023-07-27,171.7,2023-07-28,2023-07-28 09:15,165.0,303,,0.0,0,165.0,140.25,189.75,2023-08-28 15:13,189.75,TP,7499.25,15.0,31
RAILTEL,2023-10-26,2023-10-26,219.9,2023-10-27,,0.0,0,,0.0,0,0.0,0.0,0.0,,0.0,NO_ENTRY,0.0,0.0,0
RAILTEL,2024-01-24,2024-01-24,407.0,2024-01-25,2024-01-25 09:16,407.0,122,2024-02-12 10:09,366.3,136,386.65,328.65,444.65,2024-02-27 09:33,444.65,TP,15248.25,15.329,33
RAILTEL,2024-05-02,2024-05-02,410.7,2024-05-03,2024-05-03 09:15,410.0,121,2024-05-07 11:15,369.0,135,389.5,331.07,447.92,2024-05-22 09:18,447.92,TP,15243.8,15.332,19
RAILTEL,2024-08-01,2024-08-01,505.5,2024-08-02,2024-08-02 09:15,484.0,103,2024-10-04 09:24,435.6,114,459.8,390.83,528.77,2024-10-08 09:15,390.83,SL,-14700.29,-14.773,67
RAILTEL,2024-10-28,2024-10-28,407.9,2024-10-29,2024-10-29 09:15,406.75,122,2024-11-18 09:32,366.07,136,386.41,328.45,444.37,2024-12-09 09:34,444.37,TP,15238.89,15.329,41
RAILTEL,2025-01-27,2025-01-27,378.0,2025-01-28,2025-01-28 09:15,364.95,137,,0.0,0,364.95,310.21,419.69,2025-02-01 09:15,419.69,TP,7499.72,15.0,4
RAILTEL,2025-05-01,2025-04-30,304.15,2025-05-02,2025-05-06 14:34,304.15,164,,0.0,0,304.15,258.53,349.77,2025-05-14 11:33,349.77,TP,7482.09,15.0,8
RAILTEL,2025-07-28,2025-07-28,393.95,2025-07-29,2025-07-29 09:15,378.1,132,2025-08-28 09:17,340.29,146,359.2,305.32,413.07,2026-03-02 09:15,295.95,SL,-17317.44,-17.388,216
RAILTEL,2025-10-29,2025-10-29,378.7,2025-10-30,2025-10-30 09:15,375.0,133,2025-11-24 11:24,337.5,148,356.25,302.81,409.69,2026-03-02 09:15,295.95,SL,-16663.05,-16.692,123
RAILTEL,2026-02-02,2026-02-02,338.5,2026-02-03,2026-02-03 09:16,338.5,147,2026-03-02 09:15,295.95,168,317.23,269.64,364.81,2026-03-16 09:26,269.64,SL,-14542.11,-14.618,41
RAILTEL,2026-04-30,2026-04-30,326.0,2026-05-04,2026-05-12 09:27,326.0,153,2026-06-11 15:25,293.4,170,309.7,263.25,356.16,2026-06-25 15:29,313.1,OPEN,1375.3,1.379,44
SBFC,2023-08-29,2023-08-29,87.55,2023-08-30,2023-09-01 09:15,87.55,571,2024-03-12 15:29,78.35,638,82.95,70.51,95.39,2024-04-29 09:32,95.39,TP,15351.18,15.355,241
SBFC,2023-10-27,2023-10-27,87.7,2023-10-30,2023-10-30 09:15,85.2,586,2024-03-13 09:55,76.68,652,80.94,68.8,93.08,2024-04-29 09:18,93.08,TP,15311.72,15.324,182
SBFC,2024-01-25,2024-01-25,90.0,2024-01-29,2024-01-29 09:15,89.25,560,2024-03-12 15:26,80.33,622,84.79,72.07,97.51,2024-09-23 09:37,97.51,TP,15309.5,15.318,238
SBFC,2024-04-27,2024-04-26,91.65,2024-04-29,2024-04-29 12:09,91.65,545,2024-05-07 09:20,82.49,606,87.07,74.01,100.13,2024-09-23 09:41,100.13,TP,15311.74,15.322,147
SBFC,2024-07-27,2024-07-26,82.74,2024-07-29,2024-07-30 11:12,82.74,604,,0.0,0,82.74,70.33,95.15,2024-09-23 09:16,95.15,TP,7496.24,15.0,55
SBFC,2024-10-26,2024-10-25,81.2,2024-10-28,2024-10-28 09:15,81.1,616,,0.0,0,81.1,68.93,93.26,2024-11-25 14:41,93.26,TP,7493.64,15.0,28
SBFC,2025-01-25,2025-01-24,89.74,2025-01-27,2025-01-27 09:15,87.77,569,,0.0,0,87.77,74.6,100.94,2025-04-21 09:16,100.94,TP,7491.17,15.0,84
SBFC,2025-04-26,2025-04-25,109.9,2025-04-28,2025-04-28 09:15,106.0,471,2025-05-06 15:27,95.4,524,100.7,85.59,115.8,2025-06-02 09:32,115.8,TP,15310.37,15.323,35
SBFC,2025-07-26,2025-07-25,113.65,2025-07-28,2025-07-28 09:15,110.0,454,2026-01-12 09:15,99.0,505,104.5,88.83,120.17,2026-01-27 09:36,88.83,SL,-14751.82,-14.761,183
SBFC,2025-11-01,2025-10-31,116.7,2025-11-03,2025-11-03 09:15,116.7,428,2025-11-24 15:21,105.03,476,110.87,94.24,127.49,2026-01-27 09:19,94.24,SL,-14753.21,-14.762,85
SBFC,2026-01-24,2026-01-23,104.1,2026-01-27,2026-01-27 09:15,101.8,491,2026-01-27 09:32,91.62,545,96.71,82.2,111.22,2026-03-27 09:57,82.2,SL,-14753.87,-14.766,59
SBFC,2026-04-25,2026-04-24,96.75,2026-04-27,2026-04-27 09:15,96.75,516,,0.0,0,96.75,82.24,111.26,2026-06-25 15:29,90.85,OPEN,-3044.4,-6.098,59
SHYAMMETL,2023-02-14,2023-02-14,296.8,2023-02-15,2023-02-15 09:15,290.0,172,2023-03-28 09:54,261.0,191,275.5,234.17,316.82,2023-06-06 09:34,316.9,TP,15303.7,15.345,111
SHYAMMETL,2023-05-24,2023-05-24,303.95,2023-05-25,2023-05-25 09:15,300.0,166,,0.0,0,300.0,255.0,345.0,2023-06-14 11:04,345.0,TP,7470.0,15.0,20
SHYAMMETL,2023-07-27,2023-07-27,409.5,2023-07-28,2023-07-28 09:15,403.0,124,,0.0,0,403.0,342.55,463.45,2023-08-11 09:18,463.45,TP,7495.8,15.0,14
SHYAMMETL,2023-11-10,2023-11-10,460.0,2023-11-12,2023-11-17 12:33,460.0,108,,0.0,0,460.0,391.0,529.0,2023-12-11 09:27,529.0,TP,7452.0,15.0,24
SHYAMMETL,2024-01-30,2024-01-30,734.9,2024-01-31,2024-01-31 09:15,734.9,68,2024-02-09 09:54,659.0,75,696.95,592.41,801.49,2024-03-11 15:17,592.41,SL,-14683.93,-14.773,40
SHYAMMETL,2024-05-14,2024-05-14,612.3,2024-05-15,2024-05-15 09:15,612.3,81,2024-06-04 12:13,551.07,90,581.68,494.43,668.94,2024-06-18 09:22,668.94,TP,15195.76,15.319,34
SHYAMMETL,2024-07-30,2024-07-30,735.0,2024-07-31,2024-07-31 09:15,728.5,68,,0.0,0,728.5,619.23,837.77,2024-08-22 09:16,837.77,TP,7430.7,15.0,22
SHYAMMETL,2024-11-07,2024-11-07,889.3,2024-11-08,2024-11-08 09:15,852.1,58,2024-12-20 15:14,766.89,65,809.5,688.07,930.92,2025-01-10 09:15,688.07,SL,-14636.95,-14.745,63
SHYAMMETL,2025-01-28,2025-01-28,750.45,2025-01-29,2025-01-29 09:15,720.0,69,,0.0,0,720.0,612.0,828.0,2025-03-07 15:20,828.0,TP,7452.0,15.0,37
SHYAMMETL,2025-05-09,2025-05-09,872.8,2025-05-12,2025-05-12 12:44,872.8,57,2025-12-05 13:05,785.52,63,829.16,704.79,953.53,2026-05-25 09:15,958.9,TP,15830.64,15.952,378
SHYAMMETL,2025-07-22,2025-07-22,942.0,2025-07-23,2025-07-23 09:15,939.2,53,2025-11-06 12:25,845.28,59,892.24,758.4,1026.08,2026-01-27 09:18,758.4,SL,-14707.87,-14.76,188
SHYAMMETL,2025-11-07,2025-11-07,895.0,2025-11-10,2025-11-10 09:15,852.0,58,2026-01-27 09:15,766.8,65,809.4,687.99,930.81,2026-05-11 10:54,930.81,TP,15231.63,15.345,182
SHYAMMETL,2026-01-24,2026-01-23,815.8,2026-01-27,2026-01-27 09:15,777.0,64,,0.0,0,777.0,660.45,893.55,2026-02-09 14:48,893.55,TP,7459.2,15.0,13
SHYAMMETL,2026-05-11,2026-05-11,934.9,2026-05-12,2026-05-12 09:15,878.25,56,,0.0,0,878.25,746.51,1009.99,2026-06-04 13:09,1009.99,TP,7377.3,15.0,23
VIJAYA,2023-02-13,2023-02-13,447.95,2023-02-14,2023-02-14 09:15,412.25,121,2023-02-24 12:40,371.03,134,391.64,332.89,450.38,2023-03-27 15:14,450.38,TP,15248.1,15.309,41
VIJAYA,2023-05-29,2023-05-29,382.45,2023-05-30,2023-05-30 14:06,380.55,131,,0.0,0,380.55,323.47,437.63,2023-06-21 11:22,437.63,TP,7477.81,15.0,22
VIJAYA,2023-08-09,2023-08-09,498.0,2023-08-10,2023-08-10 09:15,490.65,101,,0.0,0,490.65,417.05,564.25,2023-10-12 15:20,564.25,TP,7433.35,15.0,63
VIJAYA,2023-11-07,2023-11-07,591.35,2023-11-08,2023-11-08 09:15,579.0,86,,0.0,0,579.0,492.15,665.85,2023-12-05 09:17,665.85,TP,7469.1,15.0,27
VIJAYA,2024-02-05,2024-02-05,652.95,2024-02-06,2024-02-06 09:15,629.0,79,,0.0,0,629.0,534.65,723.35,2024-05-09 09:40,723.35,TP,7453.65,15.0,93
VIJAYA,2024-05-08,2024-05-08,684.0,2024-05-09,2024-05-09 09:15,684.0,73,,0.0,0,684.0,581.4,786.6,2024-05-10 10:28,786.6,TP,7489.8,15.0,1
VIJAYA,2024-08-05,2024-08-05,806.75,2024-08-06,2024-08-06 09:15,793.75,62,,0.0,0,793.75,674.69,912.81,2024-08-21 09:17,912.81,TP,7381.87,15.0,15
VIJAYA,2024-11-07,2024-11-07,1038.45,2024-11-08,2024-11-08 09:15,1025.0,48,,0.0,0,1025.0,871.25,1178.75,2024-11-21 14:54,1178.75,TP,7380.0,15.0,13
VIJAYA,2025-02-12,2025-02-12,1075.05,2025-02-13,2025-02-13 09:15,991.1,50,2025-02-17 09:15,740.0,67,865.55,735.72,995.38,2025-02-21 10:19,995.38,TP,17324.75,17.476,8
VIJAYA,2025-05-12,2025-05-12,1054.6,2025-05-13,2025-05-13 09:15,989.9,50,2025-05-15 12:54,890.91,56,940.4,799.34,1081.47,2025-07-24 11:11,1081.47,TP,15249.41,15.344,72
VIJAYA,2025-07-28,2025-07-28,1164.7,2025-07-29,2025-07-29 09:15,1131.0,44,2025-08-21 09:34,1017.9,49,1074.45,913.28,1235.62,2026-03-16 09:15,913.28,SL,-14705.83,-14.759,230
VIJAYA,2025-11-04,2025-11-04,1044.65,2025-11-06,2025-11-06 09:15,1018.45,49,2026-03-09 09:22,916.61,54,967.53,822.4,1112.66,2026-04-27 15:17,1112.66,TP,15202.91,15.295,172
VIJAYA,2026-02-13,2026-02-13,1004.75,2026-02-16,2026-02-16 09:15,987.9,50,2026-03-23 09:15,889.11,56,938.5,797.73,1079.28,2026-04-27 09:15,1080.0,TP,15294.84,15.42,70
VIJAYA,2026-05-07,2026-05-07,1224.0,2026-05-08,2026-05-08 09:22,1224.0,40,,0.0,0,1224.0,1040.4,1407.6,2026-06-05 09:22,1407.6,TP,7344.0,15.0,28
